sequence_id	accession	scientific_name	sequence_length	header	source_db	retrieved_at_utc
Mustela_nivalis|XP_082573141.1	XP_082573141.1	Mustela nivalis	805	XP_082573141.1 angiotensin-converting enzyme 2 isoform 1 [Mustela nivalis]	NCBI RefSeq protein via E-utilities	2026-05-01T23:31:44.933000+00:00
Mesoplodon_mirus|XP_082465508.1	XP_082465508.1	Mesoplodon mirus	807	XP_082465508.1 angiotensin-converting enzyme 2 [Mesoplodon mirus]	NCBI RefSeq protein via E-utilities	2026-05-01T23:31:44.933000+00:00
Grampus_griseus|XP_082537250.1	XP_082537250.1	Grampus griseus	804	XP_082537250.1 angiotensin-converting enzyme 2 isoform 1 [Grampus griseus]	NCBI RefSeq protein via E-utilities	2026-05-01T23:31:44.933000+00:00
Balaenoptera_physalus|XP_082303463.1	XP_082303463.1	Balaenoptera physalus	802	XP_082303463.1 LOW QUALITY PROTEIN: angiotensin-converting enzyme 2 [Balaenoptera physalus]	NCBI RefSeq protein via E-utilities	2026-05-01T23:31:44.933000+00:00
Sturnira_hondurensis|XP_036902242.1	XP_036902242.1	Sturnira hondurensis	804	XP_036902242.1 angiotensin-converting enzyme 2 [Sturnira hondurensis]	NCBI RefSeq protein via E-utilities	2026-05-01T23:31:44.933000+00:00
Leptonychotes_weddellii|XP_081665257.1	XP_081665257.1	Leptonychotes weddellii	805	XP_081665257.1 angiotensin-converting enzyme 2 [Leptonychotes weddellii]	NCBI RefSeq protein via E-utilities	2026-05-01T23:31:44.933000+00:00
Panthera_onca|XP_081649766.1	XP_081649766.1	Panthera onca	805	XP_081649766.1 angiotensin-converting enzyme 2 isoform X1 [Panthera onca]	NCBI RefSeq protein via E-utilities	2026-05-01T23:31:44.933000+00:00
Giraffa_tippelskirchi|XP_081421379.1	XP_081421379.1	Giraffa tippelskirchi	804	XP_081421379.1 angiotensin-converting enzyme 2 isoform X1 [Giraffa tippelskirchi]	NCBI RefSeq protein via E-utilities	2026-05-01T23:31:44.933000+00:00
Spermophilus_citellus|XP_081133775.1	XP_081133775.1	Spermophilus citellus	817	XP_081133775.1 angiotensin-converting enzyme 2 isoform 1 [Spermophilus citellus]	NCBI RefSeq protein via E-utilities	2026-05-01T23:31:44.933000+00:00
Martes_martes|XP_080651792.1	XP_080651792.1	Martes martes	805	XP_080651792.1 angiotensin-converting enzyme 2 [Martes martes]	NCBI RefSeq protein via E-utilities	2026-05-01T23:31:44.933000+00:00
Plecotus_auritus|XP_080509031.1	XP_080509031.1	Plecotus auritus	811	XP_080509031.1 angiotensin-converting enzyme 2 [Plecotus auritus]	NCBI RefSeq protein via E-utilities	2026-05-01T23:31:44.933000+00:00
Muscardinus_avellanarius|XP_080574402.1	XP_080574402.1	Muscardinus avellanarius	805	XP_080574402.1 angiotensin-converting enzyme 2 isoform 1 [Muscardinus avellanarius]	NCBI RefSeq protein via E-utilities	2026-05-01T23:31:44.933000+00:00
Cnephaeus_nilssonii|XP_079621363.1	XP_079621363.1	Cnephaeus nilssonii	811	XP_079621363.1 angiotensin-converting enzyme 2 [Cnephaeus nilssonii]	NCBI RefSeq protein via E-utilities	2026-05-01T23:31:44.933000+00:00
Sciurus_vulgaris|XP_078979271.1	XP_078979271.1	Sciurus vulgaris	805	XP_078979271.1 angiotensin-converting enzyme 2 isoform 1 [Sciurus vulgaris]	NCBI RefSeq protein via E-utilities	2026-05-01T23:31:44.933000+00:00
Macaca_mulatta|NP_001129168.1	NP_001129168.1	Macaca mulatta	805	NP_001129168.1 angiotensin-converting enzyme 2 precursor [Macaca mulatta]	NCBI RefSeq protein via E-utilities	2026-05-01T23:31:44.933000+00:00
Callithrix_jacchus|XP_078219696.1	XP_078219696.1	Callithrix jacchus	805	XP_078219696.1 angiotensin-converting enzyme 2 [Callithrix jacchus]	NCBI RefSeq protein via E-utilities	2026-05-01T23:31:44.933000+00:00
Mus_musculus|NP_001123985.1	NP_001123985.1	Mus musculus	805	NP_001123985.1 angiotensin-converting enzyme 2 precursor [Mus musculus]	NCBI RefSeq protein via E-utilities	2026-05-01T23:31:44.933000+00:00
Pteropus_vampyrus|XP_011361275.1	XP_011361275.1	Pteropus vampyrus	804	XP_011361275.1 angiotensin-converting enzyme 2 [Pteropus vampyrus]	NCBI RefSeq protein via E-utilities	2026-05-01T23:31:44.933000+00:00
Phascolarctos_cinereus|XP_078002220.1	XP_078002220.1	Phascolarctos cinereus	807	XP_078002220.1 LOW QUALITY PROTEIN: angiotensin-converting enzyme 2 [Phascolarctos cinereus]	NCBI RefSeq protein via E-utilities	2026-05-01T23:31:44.933000+00:00
Pteropus_medius|XP_039729365.1	XP_039729365.1	Pteropus medius	805	XP_039729365.1 angiotensin-converting enzyme 2 [Pteropus medius]	NCBI RefSeq protein via E-utilities	2026-05-01T23:31:44.933000+00:00
Halichoerus_grypus|XP_077921088.1	XP_077921088.1	Halichoerus grypus	805	XP_077921088.1 angiotensin-converting enzyme 2 isoform X1 [Halichoerus grypus]	NCBI RefSeq protein via E-utilities	2026-05-01T23:31:44.933000+00:00
Ictidomys_tridecemlineatus|XP_005316051.4	XP_005316051.4	Ictidomys tridecemlineatus	817	XP_005316051.4 angiotensin-converting enzyme 2 isoform X1 [Ictidomys tridecemlineatus]	NCBI RefSeq protein via E-utilities	2026-05-01T23:31:44.933000+00:00
Canis_aureus|XP_077743714.1	XP_077743714.1	Canis aureus	804	XP_077743714.1 angiotensin-converting enzyme 2 [Canis aureus]	NCBI RefSeq protein via E-utilities	2026-05-01T23:31:44.933000+00:00
Urocitellus_parryii|XP_026252505.2	XP_026252505.2	Urocitellus parryii	807	XP_026252505.2 angiotensin-converting enzyme 2 isoform X1 [Urocitellus parryii]	NCBI RefSeq protein via E-utilities	2026-05-01T23:31:44.933000+00:00
Crocuta_crocuta|XP_077625770.1	XP_077625770.1	Crocuta crocuta	805	XP_077625770.1 angiotensin-converting enzyme 2 isoform X1 [Crocuta crocuta]	NCBI RefSeq protein via E-utilities	2026-05-01T23:31:44.933000+00:00
Tamandua_tetradactyla|XP_077002463.1	XP_077002463.1	Tamandua tetradactyla	804	XP_077002463.1 angiotensin-converting enzyme 2 isoform X1 [Tamandua tetradactyla]	NCBI RefSeq protein via E-utilities	2026-05-01T23:31:44.933000+00:00
Callospermophilus_lateralis|XP_076962747.1	XP_076962747.1	Callospermophilus lateralis	817	XP_076962747.1 angiotensin-converting enzyme 2 isoform X1 [Callospermophilus lateralis]	NCBI RefSeq protein via E-utilities	2026-05-01T23:31:44.933000+00:00
Arvicanthis_niloticus|XP_034341939.1	XP_034341939.1	Arvicanthis niloticus	805	XP_034341939.1 angiotensin-converting enzyme 2 [Arvicanthis niloticus]	NCBI RefSeq protein via E-utilities	2026-05-01T23:31:44.933000+00:00
Peromyscus_maniculatus_bairdii|XP_076418942.1	XP_076418942.1	Peromyscus maniculatus bairdii	805	XP_076418942.1 angiotensin-converting enzyme 2 [Peromyscus maniculatus bairdii]	NCBI RefSeq protein via E-utilities	2026-05-01T23:31:44.933000+00:00
Microcebus_murinus|XP_075855690.1	XP_075855690.1	Microcebus murinus	826	XP_075855690.1 angiotensin-converting enzyme 2 [Microcebus murinus]	NCBI RefSeq protein via E-utilities	2026-05-01T23:31:44.933000+00:00
Microtus_pennsylvanicus|XP_075812906.1	XP_075812906.1	Microtus pennsylvanicus	804	XP_075812906.1 angiotensin-converting enzyme 2 [Microtus pennsylvanicus]	NCBI RefSeq protein via E-utilities	2026-05-01T23:31:44.933000+00:00
Herpailurus_yagouaroundi|XP_040324139.1	XP_040324139.1	Herpailurus yagouaroundi	805	XP_040324139.1 angiotensin-converting enzyme 2 isoform X1 [Herpailurus yagouaroundi]	NCBI RefSeq protein via E-utilities	2026-05-01T23:31:44.933000+00:00
Tenrec_ecaudatus|XP_075394682.1	XP_075394682.1	Tenrec ecaudatus	825	XP_075394682.1 angiotensin-converting enzyme 2 [Tenrec ecaudatus]	NCBI RefSeq protein via E-utilities	2026-05-01T23:31:44.933000+00:00
Rhinolophus_sinicus|XP_074179505.1	XP_074179505.1	Rhinolophus sinicus	805	XP_074179505.1 angiotensin-converting enzyme 2 [Rhinolophus sinicus]	NCBI RefSeq protein via E-utilities	2026-05-01T23:31:44.933000+00:00
Saimiri_boliviensis|XP_010334925.2	XP_010334925.2	Saimiri boliviensis	805	XP_010334925.2 angiotensin-converting enzyme 2 isoform X1 [Saimiri boliviensis]	NCBI RefSeq protein via E-utilities	2026-05-01T23:31:44.933000+00:00
Camelus_bactrianus|XP_074215638.1	XP_074215638.1	Camelus bactrianus	805	XP_074215638.1 angiotensin-converting enzyme 2 [Camelus bactrianus]	NCBI RefSeq protein via E-utilities	2026-05-01T23:31:44.933000+00:00
Sminthopsis_crassicaudata|XP_074156032.1	XP_074156032.1	Sminthopsis crassicaudata	806	XP_074156032.1 angiotensin-converting enzyme 2 [Sminthopsis crassicaudata]	NCBI RefSeq protein via E-utilities	2026-05-01T23:31:44.933000+00:00
Macrotis_lagotis|XP_074048495.1	XP_074048495.1	Macrotis lagotis	822	XP_074048495.1 angiotensin-converting enzyme 2 isoform X1 [Macrotis lagotis]	NCBI RefSeq protein via E-utilities	2026-05-01T23:31:44.933000+00:00
Castor_canadensis|XP_073920481.1	XP_073920481.1	Castor canadensis	805	XP_073920481.1 angiotensin-converting enzyme 2 [Castor canadensis]	NCBI RefSeq protein via E-utilities	2026-05-01T23:31:44.933000+00:00
Macaca_fascicularis|XP_005593094.3	XP_005593094.3	Macaca fascicularis	805	XP_005593094.3 angiotensin-converting enzyme 2 [Macaca fascicularis]	NCBI RefSeq protein via E-utilities	2026-05-01T23:31:44.933000+00:00
Callorhinus_ursinus|XP_025713397.2	XP_025713397.2	Callorhinus ursinus	806	XP_025713397.2 angiotensin-converting enzyme 2 [Callorhinus ursinus]	NCBI RefSeq protein via E-utilities	2026-05-01T23:31:44.933000+00:00
Tursiops_truncatus|XP_019781177.2	XP_019781177.2	Tursiops truncatus	804	XP_019781177.2 angiotensin-converting enzyme 2 isoform X1 [Tursiops truncatus]	NCBI RefSeq protein via E-utilities	2026-05-01T23:31:44.933000+00:00
Rattus_norvegicus|NP_001012006.1	NP_001012006.1	Rattus norvegicus	805	NP_001012006.1 angiotensin-converting enzyme 2 precursor [Rattus norvegicus]	NCBI RefSeq protein via E-utilities	2026-05-01T23:31:44.933000+00:00
Bos_taurus|XP_024843618.1	XP_024843618.1	Bos taurus	811	XP_024843618.1 angiotensin-converting enzyme 2 isoform X1 [Bos taurus]	NCBI RefSeq protein via E-utilities	2026-05-01T23:31:44.933000+00:00
Felis_catus|NP_001034545.1	NP_001034545.1	Felis catus	805	NP_001034545.1 angiotensin-converting enzyme 2 precursor [Felis catus]	NCBI RefSeq protein via E-utilities	2026-05-01T23:31:44.933000+00:00
Manis_javanica|XP_073083423.1	XP_073083423.1	Manis javanica	805	XP_073083423.1 angiotensin-converting enzyme 2 [Manis javanica]	NCBI RefSeq protein via E-utilities	2026-05-01T23:31:44.933000+00:00
Chlorocebus_sabaeus|XP_037842285.1	XP_037842285.1	Chlorocebus sabaeus	805	XP_037842285.1 angiotensin-converting enzyme 2 [Chlorocebus sabaeus]	NCBI RefSeq protein via E-utilities	2026-05-01T23:31:44.933000+00:00
Vicugna_pacos|XP_006212709.2	XP_006212709.2	Vicugna pacos	805	XP_006212709.2 angiotensin-converting enzyme 2 [Vicugna pacos]	NCBI RefSeq protein via E-utilities	2026-05-01T23:31:44.933000+00:00
Gorilla_gorilla_gorilla|XP_063559059.1	XP_063559059.1	Gorilla gorilla gorilla	805	XP_063559059.1 angiotensin-converting enzyme 2 [Gorilla gorilla gorilla]	NCBI RefSeq protein via E-utilities	2026-05-01T23:31:44.933000+00:00
Mustela_putorius_furo|NP_001297119.1	NP_001297119.1	Mustela putorius furo	805	NP_001297119.1 angiotensin-converting enzyme 2 precursor [Mustela putorius furo]	NCBI RefSeq protein via E-utilities	2026-05-01T23:31:44.933000+00:00
Capra_hircus|NP_001277036.1	NP_001277036.1	Capra hircus	804	NP_001277036.1 angiotensin-converting enzyme 2 precursor [Capra hircus]	NCBI RefSeq protein via E-utilities	2026-05-01T23:31:44.933000+00:00
Chinchilla_lanigera|XP_013362429.1	XP_013362429.1	Chinchilla lanigera	805	XP_013362429.1 PREDICTED: angiotensin-converting enzyme 2 isoform X1 [Chinchilla lanigera]	NCBI RefSeq protein via E-utilities	2026-05-01T23:31:44.933000+00:00
Canis_lupus_familiaris|NP_001158732.1	NP_001158732.1	Canis lupus familiaris	804	NP_001158732.1 angiotensin-converting enzyme 2 precursor [Canis lupus familiaris]	NCBI RefSeq protein via E-utilities	2026-05-01T23:31:44.933000+00:00
Sus_scrofa|NP_001116542.1	NP_001116542.1	Sus scrofa	805	NP_001116542.1 angiotensin-converting enzyme 2 precursor [Sus scrofa]	NCBI RefSeq protein via E-utilities	2026-05-01T23:31:44.933000+00:00
Canis_lupus_baileyi|XP_072671637.1	XP_072671637.1	Canis lupus baileyi	804	XP_072671637.1 angiotensin-converting enzyme 2 [Canis lupus baileyi]	NCBI RefSeq protein via E-utilities	2026-05-01T23:31:44.933000+00:00
Vulpes_vulpes|XP_025842513.2	XP_025842513.2	Vulpes vulpes	804	XP_025842513.2 angiotensin-converting enzyme 2 [Vulpes vulpes]	NCBI RefSeq protein via E-utilities	2026-05-01T23:31:44.933000+00:00
Homo_sapiens|NP_001358344.1	NP_001358344.1	Homo sapiens	805	NP_001358344.1 angiotensin-converting enzyme 2 isoform 1 precursor [Homo sapiens]	NCBI RefSeq protein via E-utilities	2026-05-01T23:31:44.933000+00:00
Notamacropus_eugenii|XP_072470407.1	XP_072470407.1	Notamacropus eugenii	807	XP_072470407.1 angiotensin-converting enzyme 2 [Notamacropus eugenii]	NCBI RefSeq protein via E-utilities	2026-05-01T23:31:44.933000+00:00
Marmota_flaviventris|XP_071462139.1	XP_071462139.1	Marmota flaviventris	807	XP_071462139.1 angiotensin-converting enzyme 2 isoform X1 [Marmota flaviventris]	NCBI RefSeq protein via E-utilities	2026-05-01T23:31:44.933000+00:00
Desmodus_rotundus|XP_024425698.2	XP_024425698.2	Desmodus rotundus	804	XP_024425698.2 angiotensin-converting enzyme 2 [Desmodus rotundus]	NCBI RefSeq protein via E-utilities	2026-05-01T23:31:44.933000+00:00
Dasypus_novemcinctus|XP_004449124.1	XP_004449124.1	Dasypus novemcinctus	804	XP_004449124.1 angiotensin-converting enzyme 2 [Dasypus novemcinctus]	NCBI RefSeq protein via E-utilities	2026-05-01T23:31:44.933000+00:00
Physeter_macrocephalus|XP_054942302.1	XP_054942302.1	Physeter macrocephalus	804	XP_054942302.1 angiotensin-converting enzyme 2 isoform X2 [Physeter macrocephalus]	NCBI RefSeq protein via E-utilities	2026-05-01T23:31:44.933000+00:00
Bos_indicus|XP_019811719.2	XP_019811719.2	Bos indicus	811	XP_019811719.2 angiotensin-converting enzyme 2 isoform X1 [Bos indicus]	NCBI RefSeq protein via E-utilities	2026-05-01T23:31:44.933000+00:00
Equus_przewalskii|XP_070459854.1	XP_070459854.1	Equus przewalskii	805	XP_070459854.1 angiotensin-converting enzyme 2 [Equus przewalskii]	NCBI RefSeq protein via E-utilities	2026-05-01T23:31:44.933000+00:00
Odocoileus_virginianus|XP_070318734.1	XP_070318734.1	Odocoileus virginianus	804	XP_070318734.1 angiotensin-converting enzyme 2 isoform X1 [Odocoileus virginianus]	NCBI RefSeq protein via E-utilities	2026-05-01T23:31:44.933000+00:00
Equus_asinus|XP_044620396.1	XP_044620396.1	Equus asinus	805	XP_044620396.1 angiotensin-converting enzyme 2 [Equus asinus]	NCBI RefSeq protein via E-utilities	2026-05-01T23:31:44.933000+00:00
Bos_mutus|XP_070221897.1	XP_070221897.1	Bos mutus	811	XP_070221897.1 angiotensin-converting enzyme 2 isoform X1 [Bos mutus]	NCBI RefSeq protein via E-utilities	2026-05-01T23:31:44.933000+00:00
Ovis_canadensis|XP_070147446.1	XP_070147446.1	Ovis canadensis	811	XP_070147446.1 angiotensin-converting enzyme 2 isoform X1 [Ovis canadensis]	NCBI RefSeq protein via E-utilities	2026-05-01T23:31:44.933000+00:00
Equus_caballus|XP_070113054.1	XP_070113054.1	Equus caballus	805	XP_070113054.1 angiotensin-converting enzyme 2 [Equus caballus]	NCBI RefSeq protein via E-utilities	2026-05-01T23:31:44.933000+00:00
Oryctolagus_cuniculus|XP_002719891.2	XP_002719891.2	Oryctolagus cuniculus	805	XP_002719891.2 angiotensin-converting enzyme 2 [Oryctolagus cuniculus]	NCBI RefSeq protein via E-utilities	2026-05-01T23:31:44.933000+00:00
Dipodomys_merriami|XP_069896933.1	XP_069896933.1	Dipodomys merriami	805	XP_069896933.1 angiotensin-converting enzyme 2 [Dipodomys merriami]	NCBI RefSeq protein via E-utilities	2026-05-01T23:31:44.933000+00:00
Eulemur_rufifrons|XP_069320478.1	XP_069320478.1	Eulemur rufifrons	831	XP_069320478.1 angiotensin-converting enzyme 2 isoform X1 [Eulemur rufifrons]	NCBI RefSeq protein via E-utilities	2026-05-01T23:31:44.933000+00:00
Petaurus_breviceps_papuanus|XP_068956741.1	XP_068956741.1	Petaurus breviceps papuanus	806	XP_068956741.1 angiotensin-converting enzyme 2 isoform X1 [Petaurus breviceps papuanus]	NCBI RefSeq protein via E-utilities	2026-05-01T23:31:44.933000+00:00
Capricornis_sumatraensis|XP_068818345.1	XP_068818345.1	Capricornis sumatraensis	810	XP_068818345.1 angiotensin-converting enzyme 2 isoform X1 [Capricornis sumatraensis]	NCBI RefSeq protein via E-utilities	2026-05-01T23:31:44.933000+00:00
Eschrichtius_robustus|XP_068389481.1	XP_068389481.1	Eschrichtius robustus	804	XP_068389481.1 angiotensin-converting enzyme 2 [Eschrichtius robustus]	NCBI RefSeq protein via E-utilities	2026-05-01T23:31:44.933000+00:00
Alexandromys_fortis|XP_050016622.1	XP_050016622.1	Alexandromys fortis	805	XP_050016622.1 angiotensin-converting enzyme 2 [Alexandromys fortis]	NCBI RefSeq protein via E-utilities	2026-05-01T23:31:44.933000+00:00
Pseudorca_crassidens|XP_067579138.1	XP_067579138.1	Pseudorca crassidens	804	XP_067579138.1 angiotensin-converting enzyme 2 isoform X1 [Pseudorca crassidens]	NCBI RefSeq protein via E-utilities	2026-05-01T23:31:44.933000+00:00
Kogia_breviceps|XP_066880271.1	XP_066880271.1	Kogia breviceps	804	XP_066880271.1 angiotensin-converting enzyme 2 [Kogia breviceps]	NCBI RefSeq protein via E-utilities	2026-05-01T23:31:44.933000+00:00
Symphalangus_syndactylus|XP_063490631.1	XP_063490631.1	Symphalangus syndactylus	805	XP_063490631.1 angiotensin-converting enzyme 2 isoform X1 [Symphalangus syndactylus]	NCBI RefSeq protein via E-utilities	2026-05-01T23:31:44.933000+00:00
Saccopteryx_leptura|XP_066212217.1	XP_066212217.1	Saccopteryx leptura	813	XP_066212217.1 angiotensin-converting enzyme 2 [Saccopteryx leptura]	NCBI RefSeq protein via E-utilities	2026-05-01T23:31:44.933000+00:00
Saccopteryx_bilineata|XP_066104956.1	XP_066104956.1	Saccopteryx bilineata	813	XP_066104956.1 angiotensin-converting enzyme 2 [Saccopteryx bilineata]	NCBI RefSeq protein via E-utilities	2026-05-01T23:31:44.933000+00:00
Muntiacus_reevesi|XP_065771252.1	XP_065771252.1	Muntiacus reevesi	804	XP_065771252.1 angiotensin-converting enzyme 2 [Muntiacus reevesi]	NCBI RefSeq protein via E-utilities	2026-05-01T23:31:44.933000+00:00
Phocoena_phocoena|XP_065756439.1	XP_065756439.1	Phocoena phocoena	804	XP_065756439.1 LOW QUALITY PROTEIN: angiotensin-converting enzyme 2 [Phocoena phocoena]	NCBI RefSeq protein via E-utilities	2026-05-01T23:31:44.933000+00:00
Mirounga_angustirostris|XP_045742014.1	XP_045742014.1	Mirounga angustirostris	805	XP_045742014.1 angiotensin-converting enzyme 2 [Mirounga angustirostris]	NCBI RefSeq protein via E-utilities	2026-05-01T23:31:44.933000+00:00
Camelus_dromedarius|XP_031301717.1	XP_031301717.1	Camelus dromedarius	805	XP_031301717.1 angiotensin-converting enzyme 2 [Camelus dromedarius]	NCBI RefSeq protein via E-utilities	2026-05-01T23:31:44.933000+00:00
Aotus_nancymaae|XP_012290105.2	XP_012290105.2	Aotus nancymaae	805	XP_012290105.2 angiotensin-converting enzyme 2 [Aotus nancymaae]	NCBI RefSeq protein via E-utilities	2026-05-01T23:31:44.933000+00:00
Loxodonta_africana|XP_023410960.1	XP_023410960.1	Loxodonta africana	800	XP_023410960.1 angiotensin-converting enzyme 2 [Loxodonta africana]	NCBI RefSeq protein via E-utilities	2026-05-01T23:31:44.933000+00:00
Pongo_abelii|NP_001124604.1	NP_001124604.1	Pongo abelii	805	NP_001124604.1 angiotensin-converting enzyme 2 precursor [Pongo abelii]	NCBI RefSeq protein via E-utilities	2026-05-01T23:31:44.933000+00:00
Pteronotus_mesoamericanus|XP_054437165.1	XP_054437165.1	Pteronotus mesoamericanus	803	XP_054437165.1 angiotensin-converting enzyme 2 isoform X1 [Pteronotus mesoamericanus]	NCBI RefSeq protein via E-utilities	2026-05-01T23:31:44.933000+00:00
Pan_troglodytes|XP_016798468.1	XP_016798468.1	Pan troglodytes	805	XP_016798468.1 angiotensin-converting enzyme 2 isoform X1 [Pan troglodytes]	NCBI RefSeq protein via E-utilities	2026-05-01T23:31:44.933000+00:00
Pongo_pygmaeus|XP_054327941.1	XP_054327941.1	Pongo pygmaeus	805	XP_054327941.1 angiotensin-converting enzyme 2 isoform X1 [Pongo pygmaeus]	NCBI RefSeq protein via E-utilities	2026-05-01T23:31:44.933000+00:00
Pan_paniscus|XP_008972428.3	XP_008972428.3	Pan paniscus	805	XP_008972428.3 angiotensin-converting enzyme 2 [Pan paniscus]	NCBI RefSeq protein via E-utilities	2026-05-01T23:31:44.933000+00:00
Cavia_porcellus|XP_063099001.1	XP_063099001.1	Cavia porcellus	813	XP_063099001.1 angiotensin-converting enzyme 2 [Cavia porcellus]	NCBI RefSeq protein via E-utilities	2026-05-01T23:31:44.933000+00:00
Cynocephalus_volans|XP_062939076.1	XP_062939076.1	Cynocephalus volans	805	XP_062939076.1 angiotensin-converting enzyme 2 isoform X1 [Cynocephalus volans]	NCBI RefSeq protein via E-utilities	2026-05-01T23:31:44.933000+00:00
Bubalus_kerabau|XP_055419565.1	XP_055419565.1	Bubalus kerabau	803	XP_055419565.1 angiotensin-converting enzyme 2 [Bubalus kerabau]	NCBI RefSeq protein via E-utilities	2026-05-01T23:31:44.933000+00:00
Trichechus_manatus_latirostris|XP_004386381.1	XP_004386381.1	Trichechus manatus latirostris	800	XP_004386381.1 angiotensin-converting enzyme 2 [Trichechus manatus latirostris]	NCBI RefSeq protein via E-utilities	2026-05-01T23:31:44.933000+00:00
Lepus_europaeus|XP_062039638.1	XP_062039638.1	Lepus europaeus	805	XP_062039638.1 LOW QUALITY PROTEIN: angiotensin-converting enzyme 2 [Lepus europaeus]	NCBI RefSeq protein via E-utilities	2026-05-01T23:31:44.933000+00:00
Bos_javanicus|XP_061264083.1	XP_061264083.1	Bos javanicus	811	XP_061264083.1 angiotensin-converting enzyme 2 isoform X1 [Bos javanicus]	NCBI RefSeq protein via E-utilities	2026-05-01T23:31:44.933000+00:00
Eubalaena_glacialis|XP_061035520.1	XP_061035520.1	Eubalaena glacialis	804	XP_061035520.1 angiotensin-converting enzyme 2 [Eubalaena glacialis]	NCBI RefSeq protein via E-utilities	2026-05-01T23:31:44.933000+00:00
Dama_dama|XP_060993300.1	XP_060993300.1	Dama dama	804	XP_060993300.1 angiotensin-converting enzyme 2 isoform X1 [Dama dama]	NCBI RefSeq protein via E-utilities	2026-05-01T23:31:44.933000+00:00
Ovis_aries|XP_042098228.1	XP_042098228.1	Ovis aries	811	XP_042098228.1 angiotensin-converting enzyme 2 isoform X1 [Ovis aries]	NCBI RefSeq protein via E-utilities	2026-05-01T23:31:44.933000+00:00
Meriones_unguiculatus|XP_060230507.1	XP_060230507.1	Meriones unguiculatus	805	XP_060230507.1 angiotensin-converting enzyme 2 [Meriones unguiculatus]	NCBI RefSeq protein via E-utilities	2026-05-01T23:31:44.933000+00:00
Erinaceus_europaeus|XP_060038996.1	XP_060038996.1	Erinaceus europaeus	804	XP_060038996.1 angiotensin-converting enzyme 2 [Erinaceus europaeus]	NCBI RefSeq protein via E-utilities	2026-05-01T23:31:44.933000+00:00
Sorex_fumeus|XP_055987157.1	XP_055987157.1	Sorex fumeus	796	XP_055987157.1 angiotensin-converting enzyme 2 [Sorex fumeus]	NCBI RefSeq protein via E-utilities	2026-05-01T23:31:44.933000+00:00
Mesoplodon_densirostris|XP_059943105.1	XP_059943105.1	Mesoplodon densirostris	804	XP_059943105.1 angiotensin-converting enzyme 2 isoform X1 [Mesoplodon densirostris]	NCBI RefSeq protein via E-utilities	2026-05-01T23:31:44.933000+00:00
Balaenoptera_ricei|XP_059767321.1	XP_059767321.1	Balaenoptera ricei	804	XP_059767321.1 angiotensin-converting enzyme 2 [Balaenoptera ricei]	NCBI RefSeq protein via E-utilities	2026-05-01T23:31:44.933000+00:00
Myotis_daubentonii|XP_059535969.1	XP_059535969.1	Myotis daubentonii	819	XP_059535969.1 angiotensin-converting enzyme 2 isoform X1 [Myotis daubentonii]	NCBI RefSeq protein via E-utilities	2026-05-01T23:31:44.933000+00:00
Mustela_nigripes|XP_059241021.1	XP_059241021.1	Mustela nigripes	805	XP_059241021.1 angiotensin-converting enzyme 2 [Mustela nigripes]	NCBI RefSeq protein via E-utilities	2026-05-01T23:31:44.933000+00:00
Peromyscus_eremicus|XP_059106681.1	XP_059106681.1	Peromyscus eremicus	805	XP_059106681.1 angiotensin-converting enzyme 2 [Peromyscus eremicus]	NCBI RefSeq protein via E-utilities	2026-05-01T23:31:44.933000+00:00
Mustela_lutreola|XP_059013893.1	XP_059013893.1	Mustela lutreola	805	XP_059013893.1 angiotensin-converting enzyme 2 [Mustela lutreola]	NCBI RefSeq protein via E-utilities	2026-05-01T23:31:44.933000+00:00
Neofelis_nebulosa|XP_058568771.1	XP_058568771.1	Neofelis nebulosa	805	XP_058568771.1 angiotensin-converting enzyme 2 isoform X1 [Neofelis nebulosa]	NCBI RefSeq protein via E-utilities	2026-05-01T23:31:44.933000+00:00
Ochotona_princeps|XP_004597549.4	XP_004597549.4	Ochotona princeps	808	XP_004597549.4 angiotensin-converting enzyme 2 [Ochotona princeps]	NCBI RefSeq protein via E-utilities	2026-05-01T23:31:44.933000+00:00
Marmota_monax|XP_058428552.1	XP_058428552.1	Marmota monax	817	XP_058428552.1 angiotensin-converting enzyme 2 [Marmota monax]	NCBI RefSeq protein via E-utilities	2026-05-01T23:31:44.933000+00:00
Diceros_bicornis_minor|XP_058391461.1	XP_058391461.1	Diceros bicornis minor	805	XP_058391461.1 angiotensin-converting enzyme 2 isoform X1 [Diceros bicornis minor]	NCBI RefSeq protein via E-utilities	2026-05-01T23:31:44.933000+00:00
Hylobates_moloch|XP_058297387.1	XP_058297387.1	Hylobates moloch	805	XP_058297387.1 angiotensin-converting enzyme 2 [Hylobates moloch]	NCBI RefSeq protein via E-utilities	2026-05-01T23:31:44.933000+00:00
Hippopotamus_amphibius_kiboko|XP_057573707.1	XP_057573707.1	Hippopotamus amphibius kiboko	804	XP_057573707.1 angiotensin-converting enzyme 2 isoform X1 [Hippopotamus amphibius kiboko]	NCBI RefSeq protein via E-utilities	2026-05-01T23:31:44.933000+00:00
Chionomys_nivalis|XP_057615966.1	XP_057615966.1	Chionomys nivalis	804	XP_057615966.1 angiotensin-converting enzyme 2 [Chionomys nivalis]	NCBI RefSeq protein via E-utilities	2026-05-01T23:31:44.933000+00:00
Manis_pentadactyla|XP_036768816.2	XP_036768816.2	Manis pentadactyla	805	XP_036768816.2 angiotensin-converting enzyme 2 [Manis pentadactyla]	NCBI RefSeq protein via E-utilities	2026-05-01T23:31:44.933000+00:00
Ursus_arctos|XP_057166214.1	XP_057166214.1	Ursus arctos	805	XP_057166214.1 angiotensin-converting enzyme 2 isoform X1 [Ursus arctos]	NCBI RefSeq protein via E-utilities	2026-05-01T23:31:44.933000+00:00
Monodelphis_domestica|XP_007500939.2	XP_007500939.2	Monodelphis domestica	806	XP_007500939.2 angiotensin-converting enzyme 2 isoform X1 [Monodelphis domestica]	NCBI RefSeq protein via E-utilities	2026-05-01T23:31:44.933000+00:00
Psammomys_obesus|XP_055471740.1	XP_055471740.1	Psammomys obesus	805	XP_055471740.1 angiotensin-converting enzyme 2 [Psammomys obesus]	NCBI RefSeq protein via E-utilities	2026-05-01T23:31:44.933000+00:00
Moschus_berezovskii|XP_055294140.1	XP_055294140.1	Moschus berezovskii	804	XP_055294140.1 angiotensin-converting enzyme 2 isoform X1 [Moschus berezovskii]	NCBI RefSeq protein via E-utilities	2026-05-01T23:31:44.933000+00:00
Nyctereutes_procyonoides|XP_055195066.1	XP_055195066.1	Nyctereutes procyonoides	804	XP_055195066.1 angiotensin-converting enzyme 2 isoform X1 [Nyctereutes procyonoides]	NCBI RefSeq protein via E-utilities	2026-05-01T23:31:44.933000+00:00
Sorex_araneus|XP_004612266.1	XP_004612266.1	Sorex araneus	803	XP_004612266.1 angiotensin-converting enzyme 2 [Sorex araneus]	NCBI RefSeq protein via E-utilities	2026-05-01T23:31:44.933000+00:00
Acinonyx_jubatus|XP_053058075.1	XP_053058075.1	Acinonyx jubatus	805	XP_053058075.1 angiotensin-converting enzyme 2 [Acinonyx jubatus]	NCBI RefSeq protein via E-utilities	2026-05-01T23:31:44.933000+00:00
Eptesicus_fuscus|XP_008153150.2	XP_008153150.2	Eptesicus fuscus	811	XP_008153150.2 angiotensin-converting enzyme 2 isoform X1 [Eptesicus fuscus]	NCBI RefSeq protein via E-utilities	2026-05-01T23:31:44.933000+00:00
Talpa_occidentalis|XP_037369021.1	XP_037369021.1	Talpa occidentalis	802	XP_037369021.1 angiotensin-converting enzyme 2 [Talpa occidentalis]	NCBI RefSeq protein via E-utilities	2026-05-01T23:31:44.933000+00:00
Nycticebus_coucang|XP_053436341.1	XP_053436341.1	Nycticebus coucang	805	XP_053436341.1 angiotensin-converting enzyme 2 [Nycticebus coucang]	NCBI RefSeq protein via E-utilities	2026-05-01T23:31:44.933000+00:00
Artibeus_jamaicensis|XP_037013451.2	XP_037013451.2	Artibeus jamaicensis	804	XP_037013451.2 angiotensin-converting enzyme 2 [Artibeus jamaicensis]	NCBI RefSeq protein via E-utilities	2026-05-01T23:31:44.933000+00:00
Prionailurus_viverrinus|XP_047700805.1	XP_047700805.1	Prionailurus viverrinus	805	XP_047700805.1 angiotensin-converting enzyme 2 isoform X1 [Prionailurus viverrinus]	NCBI RefSeq protein via E-utilities	2026-05-01T23:31:44.933000+00:00
Phacochoerus_africanus|XP_047621781.1	XP_047621781.1	Phacochoerus africanus	805	XP_047621781.1 angiotensin-converting enzyme 2 [Phacochoerus africanus]	NCBI RefSeq protein via E-utilities	2026-05-01T23:31:44.933000+00:00
Lutra_lutra|XP_047571538.1	XP_047571538.1	Lutra lutra	805	XP_047571538.1 angiotensin-converting enzyme 2 isoform X1 [Lutra lutra]	NCBI RefSeq protein via E-utilities	2026-05-01T23:31:44.933000+00:00
Sciurus_carolinensis|XP_047391638.1	XP_047391638.1	Sciurus carolinensis	805	XP_047391638.1 angiotensin-converting enzyme 2 [Sciurus carolinensis]	NCBI RefSeq protein via E-utilities	2026-05-01T23:31:44.933000+00:00
Lynx_rufus|XP_046931882.1	XP_046931882.1	Lynx rufus	683	XP_046931882.1 angiotensin-converting enzyme 2 [Lynx rufus]	NCBI RefSeq protein via E-utilities	2026-05-01T23:31:44.933000+00:00
Equus_quagga|XP_046528602.1	XP_046528602.1	Equus quagga	805	XP_046528602.1 angiotensin-converting enzyme 2 [Equus quagga]	NCBI RefSeq protein via E-utilities	2026-05-01T23:31:44.933000+00:00
Orcinus_orca|XP_033283819.1	XP_033283819.1	Orcinus orca	804	XP_033283819.1 angiotensin-converting enzyme 2 isoform X1 [Orcinus orca]	NCBI RefSeq protein via E-utilities	2026-05-01T23:31:44.933000+00:00
Panthera_pardus|XP_019273509.1	XP_019273509.1	Panthera pardus	805	XP_019273509.1 angiotensin-converting enzyme 2 isoform X1 [Panthera pardus]	NCBI RefSeq protein via E-utilities	2026-05-01T23:31:44.933000+00:00
Panthera_uncia|XP_049499446.1	XP_049499446.1	Panthera uncia	805	XP_049499446.1 angiotensin-converting enzyme 2 [Panthera uncia]	NCBI RefSeq protein via E-utilities	2026-05-01T23:31:44.933000+00:00
Rhinolophus_ferrumequinum|XP_032963186.1	XP_032963186.1	Rhinolophus ferrumequinum	805	XP_032963186.1 angiotensin-converting enzyme 2 [Rhinolophus ferrumequinum]	NCBI RefSeq protein via E-utilities	2026-05-01T23:31:44.933000+00:00
Phodopus_roborovskii|XP_051035166.1	XP_051035166.1	Phodopus roborovskii	805	XP_051035166.1 angiotensin-converting enzyme 2 [Phodopus roborovskii]	NCBI RefSeq protein via E-utilities	2026-05-01T23:31:44.933000+00:00
Elephas_maximus_indicus|XP_049729321.1	XP_049729321.1	Elephas maximus indicus	800	XP_049729321.1 angiotensin-converting enzyme 2 isoform X1 [Elephas maximus indicus]	NCBI RefSeq protein via E-utilities	2026-05-01T23:31:44.933000+00:00
Suncus_etruscus|XP_049622744.1	XP_049622744.1	Suncus etruscus	803	XP_049622744.1 angiotensin-converting enzyme 2 isoform X1 [Suncus etruscus]	NCBI RefSeq protein via E-utilities	2026-05-01T23:31:44.933000+00:00
Budorcas_taxicolor|XP_052519536.1	XP_052519536.1	Budorcas taxicolor	810	XP_052519536.1 angiotensin-converting enzyme 2 [Budorcas taxicolor]	NCBI RefSeq protein via E-utilities	2026-05-01T23:31:44.933000+00:00
Apodemus_sylvaticus|XP_052027647.1	XP_052027647.1	Apodemus sylvaticus	805	XP_052027647.1 angiotensin-converting enzyme 2 [Apodemus sylvaticus]	NCBI RefSeq protein via E-utilities	2026-05-01T23:31:44.933000+00:00
Antechinus_flavipes|XP_051840427.1	XP_051840427.1	Antechinus flavipes	806	XP_051840427.1 angiotensin-converting enzyme 2 [Antechinus flavipes]	NCBI RefSeq protein via E-utilities	2026-05-01T23:31:44.933000+00:00
Acomys_russatus|XP_050998310.1	XP_050998310.1	Acomys russatus	805	XP_050998310.1 angiotensin-converting enzyme 2 [Acomys russatus]	NCBI RefSeq protein via E-utilities	2026-05-01T23:31:44.933000+00:00
Macaca_thibetana_thibetana|XP_050633586.1	XP_050633586.1	Macaca thibetana thibetana	805	XP_050633586.1 angiotensin-converting enzyme 2 [Macaca thibetana thibetana]	NCBI RefSeq protein via E-utilities	2026-05-01T23:31:44.933000+00:00
Peromyscus_californicus_insignis|XP_052600713.1	XP_052600713.1	Peromyscus californicus insignis	805	XP_052600713.1 angiotensin-converting enzyme 2 [Peromyscus californicus insignis]	NCBI RefSeq protein via E-utilities	2026-05-01T23:31:44.933000+00:00
Canis_lupus_dingo|XP_025292925.3	XP_025292925.3	Canis lupus dingo	804	XP_025292925.3 angiotensin-converting enzyme 2 [Canis lupus dingo]	NCBI RefSeq protein via E-utilities	2026-05-01T23:31:44.933000+00:00
Marmota_marmota_marmota|XP_048652301.1	XP_048652301.1	Marmota marmota marmota	817	XP_048652301.1 angiotensin-converting enzyme 2 [Marmota marmota marmota]	NCBI RefSeq protein via E-utilities	2026-05-01T23:31:44.933000+00:00
Myodes_glareolus|XP_048296586.1	XP_048296586.1	Myodes glareolus	812	XP_048296586.1 angiotensin-converting enzyme 2 [Myodes glareolus]	NCBI RefSeq protein via E-utilities	2026-05-01T23:31:44.933000+00:00
Perognathus_longimembris_pacificus|XP_048192746.1	XP_048192746.1	Perognathus longimembris pacificus	805	XP_048192746.1 angiotensin-converting enzyme 2 [Perognathus longimembris pacificus]	NCBI RefSeq protein via E-utilities	2026-05-01T23:31:44.933000+00:00
Meles_meles|XP_045850934.1	XP_045850934.1	Meles meles	852	XP_045850934.1 angiotensin-converting enzyme 2 isoform X1 [Meles meles]	NCBI RefSeq protein via E-utilities	2026-05-01T23:31:44.933000+00:00
Ursus_americanus|XP_045661026.1	XP_045661026.1	Ursus americanus	805	XP_045661026.1 angiotensin-converting enzyme 2 isoform X1 [Ursus americanus]	NCBI RefSeq protein via E-utilities	2026-05-01T23:31:44.933000+00:00
Phyllostomus_hastatus|XP_045711877.1	XP_045711877.1	Phyllostomus hastatus	805	XP_045711877.1 angiotensin-converting enzyme 2 [Phyllostomus hastatus]	NCBI RefSeq protein via E-utilities	2026-05-01T23:31:44.933000+00:00
Pipistrellus_kuhlii|XP_036295422.1	XP_036295422.1	Pipistrellus kuhlii	803	XP_036295422.1 angiotensin-converting enzyme 2 [Pipistrellus kuhlii]	NCBI RefSeq protein via E-utilities	2026-05-01T23:31:44.933000+00:00
Leopardus_geoffroyi|XP_045327193.1	XP_045327193.1	Leopardus geoffroyi	805	XP_045327193.1 angiotensin-converting enzyme 2 isoform X1 [Leopardus geoffroyi]	NCBI RefSeq protein via E-utilities	2026-05-01T23:31:44.933000+00:00
Echinops_telfairi|XP_004710002.2	XP_004710002.2	Echinops telfairi	824	XP_004710002.2 angiotensin-converting enzyme 2 [Echinops telfairi]	NCBI RefSeq protein via E-utilities	2026-05-01T23:31:44.933000+00:00
Bubalus_bubalis|XP_006041602.1	XP_006041602.1	Bubalus bubalis	803	XP_006041602.1 angiotensin-converting enzyme 2 isoform X1 [Bubalus bubalis]	NCBI RefSeq protein via E-utilities	2026-05-01T23:31:44.933000+00:00
Jaculus_jaculus|XP_004671523.1	XP_004671523.1	Jaculus jaculus	805	XP_004671523.1 angiotensin-converting enzyme 2 isoform X1 [Jaculus jaculus]	NCBI RefSeq protein via E-utilities	2026-05-01T23:31:44.933000+00:00
Neomonachus_schauinslandi|XP_021536480.1	XP_021536480.1	Neomonachus schauinslandi	805	XP_021536480.1 angiotensin-converting enzyme 2 isoform X1 [Neomonachus schauinslandi]	NCBI RefSeq protein via E-utilities	2026-05-01T23:31:44.933000+00:00
Neogale_vison|XP_044091953.1	XP_044091953.1	Neogale vison	805	XP_044091953.1 angiotensin-converting enzyme 2 [Neogale vison]	NCBI RefSeq protein via E-utilities	2026-05-01T23:31:44.933000+00:00
Dromiciops_gliroides|XP_043850607.1	XP_043850607.1	Dromiciops gliroides	807	XP_043850607.1 angiotensin-converting enzyme 2 [Dromiciops gliroides]	NCBI RefSeq protein via E-utilities	2026-05-01T23:31:44.933000+00:00
Cervus_elaphus|XP_043752042.1	XP_043752042.1	Cervus elaphus	804	XP_043752042.1 angiotensin-converting enzyme 2 [Cervus elaphus]	NCBI RefSeq protein via E-utilities	2026-05-01T23:31:44.933000+00:00
Prionailurus_bengalensis|XP_043425608.1	XP_043425608.1	Prionailurus bengalensis	805	XP_043425608.1 angiotensin-converting enzyme 2 isoform X1 [Prionailurus bengalensis]	NCBI RefSeq protein via E-utilities	2026-05-01T23:31:44.933000+00:00
Cervus_canadensis|XP_043314478.1	XP_043314478.1	Cervus canadensis	804	XP_043314478.1 angiotensin-converting enzyme 2 [Cervus canadensis]	NCBI RefSeq protein via E-utilities	2026-05-01T23:31:44.933000+00:00
Panthera_tigris|XP_042830021.1	XP_042830021.1	Panthera tigris	805	XP_042830021.1 angiotensin-converting enzyme 2 isoform X1 [Panthera tigris]	NCBI RefSeq protein via E-utilities	2026-05-01T23:31:44.933000+00:00
Orycteropus_afer_afer|XP_007951028.1	XP_007951028.1	Orycteropus afer afer	799	XP_007951028.1 angiotensin-converting enzyme 2 [Orycteropus afer afer]	NCBI RefSeq protein via E-utilities	2026-05-01T23:31:44.933000+00:00
Dipodomys_spectabilis|XP_042536456.1	XP_042536456.1	Dipodomys spectabilis	805	XP_042536456.1 angiotensin-converting enzyme 2 [Dipodomys spectabilis]	NCBI RefSeq protein via E-utilities	2026-05-01T23:31:44.933000+00:00
Arvicola_amphibius|XP_038172229.1	XP_038172229.1	Arvicola amphibius	804	XP_038172229.1 angiotensin-converting enzyme 2 isoform X1 [Arvicola amphibius]	NCBI RefSeq protein via E-utilities	2026-05-01T23:31:44.933000+00:00
Vulpes_lagopus|XP_041597789.1	XP_041597789.1	Vulpes lagopus	804	XP_041597789.1 angiotensin-converting enzyme 2 isoform X1 [Vulpes lagopus]	NCBI RefSeq protein via E-utilities	2026-05-01T23:31:44.933000+00:00
Microtus_oregoni|XP_041495910.1	XP_041495910.1	Microtus oregoni	804	XP_041495910.1 angiotensin-converting enzyme 2 [Microtus oregoni]	NCBI RefSeq protein via E-utilities	2026-05-01T23:31:44.933000+00:00
Ochotona_curzoniae|XP_040857138.1	XP_040857138.1	Ochotona curzoniae	805	XP_040857138.1 angiotensin-converting enzyme 2 [Ochotona curzoniae]	NCBI RefSeq protein via E-utilities	2026-05-01T23:31:44.933000+00:00
Mesocricetus_auratus|XP_005074266.1	XP_005074266.1	Mesocricetus auratus	805	XP_005074266.1 angiotensin-converting enzyme 2 [Mesocricetus auratus]	NCBI RefSeq protein via E-utilities	2026-05-01T23:31:44.933000+00:00
Ursus_maritimus|XP_040490052.1	XP_040490052.1	Ursus maritimus	805	XP_040490052.1 angiotensin-converting enzyme 2 isoform X1 [Ursus maritimus]	NCBI RefSeq protein via E-utilities	2026-05-01T23:31:44.933000+00:00
Oryx_dammah|XP_040122515.1	XP_040122515.1	Oryx dammah	804	XP_040122515.1 angiotensin-converting enzyme 2 [Oryx dammah]	NCBI RefSeq protein via E-utilities	2026-05-01T23:31:44.933000+00:00
Ornithorhynchus_anatinus|XP_001515597.2	XP_001515597.2	Ornithorhynchus anatinus	806	XP_001515597.2 angiotensin-converting enzyme 2 [Ornithorhynchus anatinus]	NCBI RefSeq protein via E-utilities	2026-05-01T23:31:44.933000+00:00
Hyaena_hyaena|XP_039089863.1	XP_039089863.1	Hyaena hyaena	805	XP_039089863.1 angiotensin-converting enzyme 2 isoform X1 [Hyaena hyaena]	NCBI RefSeq protein via E-utilities	2026-05-01T23:31:44.933000+00:00
Tachyglossus_aculeatus|XP_038612998.1	XP_038612998.1	Tachyglossus aculeatus	804	XP_038612998.1 angiotensin-converting enzyme 2 [Tachyglossus aculeatus]	NCBI RefSeq protein via E-utilities	2026-05-01T23:31:44.933000+00:00
Cebus_imitator|XP_017367866.1	XP_017367866.1	Cebus imitator	805	XP_017367866.1 angiotensin-converting enzyme 2 [Cebus imitator]	NCBI RefSeq protein via E-utilities	2026-05-01T23:31:44.933000+00:00
Choloepus_didactylus|XP_037678579.1	XP_037678579.1	Choloepus didactylus	803	XP_037678579.1 angiotensin-converting enzyme 2 isoform X1 [Choloepus didactylus]	NCBI RefSeq protein via E-utilities	2026-05-01T23:31:44.933000+00:00
Peromyscus_leucopus|XP_028743609.1	XP_028743609.1	Peromyscus leucopus	805	XP_028743609.1 angiotensin-converting enzyme 2 [Peromyscus leucopus]	NCBI RefSeq protein via E-utilities	2026-05-01T23:31:44.933000+00:00
Balaenoptera_musculus|XP_036696353.1	XP_036696353.1	Balaenoptera musculus	804	XP_036696353.1 angiotensin-converting enzyme 2 [Balaenoptera musculus]	NCBI RefSeq protein via E-utilities	2026-05-01T23:31:44.933000+00:00
Trichosurus_vulpecula|XP_036600738.1	XP_036600738.1	Trichosurus vulpecula	807	XP_036600738.1 angiotensin-converting enzyme 2 [Trichosurus vulpecula]	NCBI RefSeq protein via E-utilities	2026-05-01T23:31:44.933000+00:00
Myotis_myotis|XP_036161734.1	XP_036161734.1	Myotis myotis	819	XP_036161734.1 angiotensin-converting enzyme 2 isoform X1 [Myotis myotis]	NCBI RefSeq protein via E-utilities	2026-05-01T23:31:44.933000+00:00
Molossus_molossus|XP_036127493.1	XP_036127493.1	Molossus molossus	804	XP_036127493.1 angiotensin-converting enzyme 2 isoform X2 [Molossus molossus]	NCBI RefSeq protein via E-utilities	2026-05-01T23:31:44.933000+00:00
Rousettus_aegyptiacus|XP_015974412.2	XP_015974412.2	Rousettus aegyptiacus	805	XP_015974412.2 angiotensin-converting enzyme 2 [Rousettus aegyptiacus]	NCBI RefSeq protein via E-utilities	2026-05-01T23:31:44.933000+00:00
Onychomys_torridus|XP_036030683.1	XP_036030683.1	Onychomys torridus	805	XP_036030683.1 angiotensin-converting enzyme 2 [Onychomys torridus]	NCBI RefSeq protein via E-utilities	2026-05-01T23:31:44.933000+00:00
Lynx_canadensis|XP_030160839.1	XP_030160839.1	Lynx canadensis	805	XP_030160839.1 angiotensin-converting enzyme 2 [Lynx canadensis]	NCBI RefSeq protein via E-utilities	2026-05-01T23:31:44.933000+00:00
Phyllostomus_discolor|XP_035872276.1	XP_035872276.1	Phyllostomus discolor	806	XP_035872276.1 angiotensin-converting enzyme 2 [Phyllostomus discolor]	NCBI RefSeq protein via E-utilities	2026-05-01T23:31:44.933000+00:00
Zalophus_californianus|XP_027465354.1	XP_027465354.1	Zalophus californianus	806	XP_027465354.1 angiotensin-converting enzyme 2 [Zalophus californianus]	NCBI RefSeq protein via E-utilities	2026-05-01T23:31:44.933000+00:00
Cricetulus_griseus|XP_027288607.1	XP_027288607.1	Cricetulus griseus	805	XP_027288607.1 angiotensin-converting enzyme 2 [Cricetulus griseus]	NCBI RefSeq protein via E-utilities	2026-05-01T23:31:44.933000+00:00
Mirounga_leonina|XP_034852450.1	XP_034852450.1	Mirounga leonina	805	XP_034852450.1 angiotensin-converting enzyme 2 [Mirounga leonina]	NCBI RefSeq protein via E-utilities	2026-05-01T23:31:44.933000+00:00
Ailuropoda_melanoleuca|XP_034505781.1	XP_034505781.1	Ailuropoda melanoleuca	705	XP_034505781.1 angiotensin-converting enzyme 2 [Ailuropoda melanoleuca]	NCBI RefSeq protein via E-utilities	2026-05-01T23:31:44.933000+00:00
Fukomys_damarensis|XP_010643477.1	XP_010643477.1	Fukomys damarensis	805	XP_010643477.1 angiotensin-converting enzyme 2 [Fukomys damarensis]	NCBI RefSeq protein via E-utilities	2026-05-01T23:31:44.933000+00:00
Trachypithecus_francoisi|XP_033056809.1	XP_033056809.1	Trachypithecus francoisi	805	XP_033056809.1 LOW QUALITY PROTEIN: angiotensin-converting enzyme 2 [Trachypithecus francoisi]	NCBI RefSeq protein via E-utilities	2026-05-01T23:31:44.933000+00:00
Rattus_rattus|XP_032746145.1	XP_032746145.1	Rattus rattus	793	XP_032746145.1 angiotensin-converting enzyme 2 [Rattus rattus]	NCBI RefSeq protein via E-utilities	2026-05-01T23:31:44.933000+00:00
Lontra_canadensis|XP_032736029.1	XP_032736029.1	Lontra canadensis	805	XP_032736029.1 angiotensin-converting enzyme 2 [Lontra canadensis]	NCBI RefSeq protein via E-utilities	2026-05-01T23:31:44.933000+00:00
Phocoena_sinus|XP_032476004.1	XP_032476004.1	Phocoena sinus	804	XP_032476004.1 angiotensin-converting enzyme 2 isoform X1 [Phocoena sinus]	NCBI RefSeq protein via E-utilities	2026-05-01T23:31:44.933000+00:00
Camelus_ferus|XP_006194263.1	XP_006194263.1	Camelus ferus	805	XP_006194263.1 angiotensin-converting enzyme 2 [Camelus ferus]	NCBI RefSeq protein via E-utilities	2026-05-01T23:31:44.933000+00:00
Phoca_vitulina|XP_032245506.1	XP_032245506.1	Phoca vitulina	805	XP_032245506.1 angiotensin-converting enzyme 2 [Phoca vitulina]	NCBI RefSeq protein via E-utilities	2026-05-01T23:31:44.933000+00:00
Mustela_erminea|XP_032187679.1	XP_032187679.1	Mustela erminea	805	XP_032187679.1 angiotensin-converting enzyme 2 [Mustela erminea]	NCBI RefSeq protein via E-utilities	2026-05-01T23:31:44.933000+00:00
Sapajus_apella|XP_032141855.1	XP_032141855.1	Sapajus apella	805	XP_032141855.1 angiotensin-converting enzyme 2 [Sapajus apella]	NCBI RefSeq protein via E-utilities	2026-05-01T23:31:44.933000+00:00
Sarcophilus_harrisii|XP_031814825.1	XP_031814825.1	Sarcophilus harrisii	806	XP_031814825.1 LOW QUALITY PROTEIN: angiotensin-converting enzyme 2 [Sarcophilus harrisii]	NCBI RefSeq protein via E-utilities	2026-05-01T23:31:44.933000+00:00
Piliocolobus_tephrosceles|XP_023054821.1	XP_023054821.1	Piliocolobus tephrosceles	805	XP_023054821.1 angiotensin-converting enzyme 2 [Piliocolobus tephrosceles]	NCBI RefSeq protein via E-utilities	2026-05-01T23:31:44.933000+00:00
Papio_anubis|XP_021788733.1	XP_021788733.1	Papio anubis	805	XP_021788733.1 angiotensin-converting enzyme 2 [Papio anubis]	NCBI RefSeq protein via E-utilities	2026-05-01T23:31:44.933000+00:00
Mastomys_coucha|XP_031226742.1	XP_031226742.1	Mastomys coucha	806	XP_031226742.1 angiotensin-converting enzyme 2 [Mastomys coucha]	NCBI RefSeq protein via E-utilities	2026-05-01T23:31:44.933000+00:00
Rhinopithecus_roxellana|XP_010364367.2	XP_010364367.2	Rhinopithecus roxellana	805	XP_010364367.2 angiotensin-converting enzyme 2 [Rhinopithecus roxellana]	NCBI RefSeq protein via E-utilities	2026-05-01T23:31:44.933000+00:00
Nomascus_leucogenys|XP_003261132.2	XP_003261132.2	Nomascus leucogenys	805	XP_003261132.2 angiotensin-converting enzyme 2 [Nomascus leucogenys]	NCBI RefSeq protein via E-utilities	2026-05-01T23:31:44.933000+00:00
Delphinapterus_leucas|XP_022418360.1	XP_022418360.1	Delphinapterus leucas	804	XP_022418360.1 angiotensin-converting enzyme 2 [Delphinapterus leucas]	NCBI RefSeq protein via E-utilities	2026-05-01T23:31:44.933000+00:00
Suricata_suricatta|XP_029786256.1	XP_029786256.1	Suricata suricatta	805	XP_029786256.1 angiotensin-converting enzyme 2 [Suricata suricatta]	NCBI RefSeq protein via E-utilities	2026-05-01T23:31:44.933000+00:00
Nannospalax_galili|XP_008839098.1	XP_008839098.1	Nannospalax galili	804	XP_008839098.1 angiotensin-converting enzyme 2 [Nannospalax galili]	NCBI RefSeq protein via E-utilities	2026-05-01T23:31:44.933000+00:00
Mus_pahari|XP_021043935.1	XP_021043935.1	Mus pahari	805	XP_021043935.1 angiotensin-converting enzyme 2 [Mus pahari]	NCBI RefSeq protein via E-utilities	2026-05-01T23:31:44.933000+00:00
Mus_caroli|XP_021009138.1	XP_021009138.1	Mus caroli	805	XP_021009138.1 angiotensin-converting enzyme 2 [Mus caroli]	NCBI RefSeq protein via E-utilities	2026-05-01T23:31:44.933000+00:00
Monodon_monoceros|XP_029095808.1	XP_029095808.1	Monodon monoceros	804	XP_029095808.1 angiotensin-converting enzyme 2 [Monodon monoceros]	NCBI RefSeq protein via E-utilities	2026-05-01T23:31:44.933000+00:00
Grammomys_surdaster|XP_028617962.1	XP_028617962.1	Grammomys surdaster	805	XP_028617962.1 angiotensin-converting enzyme 2 [Grammomys surdaster]	NCBI RefSeq protein via E-utilities	2026-05-01T23:31:44.933000+00:00
Eumetopias_jubatus|XP_027970822.1	XP_027970822.1	Eumetopias jubatus	806	XP_027970822.1 angiotensin-converting enzyme 2 [Eumetopias jubatus]	NCBI RefSeq protein via E-utilities	2026-05-01T23:31:44.933000+00:00
Vombatus_ursinus|XP_027691156.1	XP_027691156.1	Vombatus ursinus	809	XP_027691156.1 angiotensin-converting enzyme 2 [Vombatus ursinus]	NCBI RefSeq protein via E-utilities	2026-05-01T23:31:44.933000+00:00
Tupaia_chinensis|XP_006164754.1	XP_006164754.1	Tupaia chinensis	805	XP_006164754.1 angiotensin-converting enzyme 2 [Tupaia chinensis]	NCBI RefSeq protein via E-utilities	2026-05-01T23:31:44.933000+00:00
Bos_indicus_x_Bos_taurus|XP_027389728.1	XP_027389728.1	Bos indicus x Bos taurus	811	XP_027389728.1 angiotensin-converting enzyme 2 isoform X1 [Bos indicus x Bos taurus]	NCBI RefSeq protein via E-utilities	2026-05-01T23:31:44.933000+00:00
Microtus_ochrogaster|XP_005358818.1	XP_005358818.1	Microtus ochrogaster	804	XP_005358818.1 angiotensin-converting enzyme 2 [Microtus ochrogaster]	NCBI RefSeq protein via E-utilities	2026-05-01T23:31:44.933000+00:00
Puma_concolor|XP_025790417.1	XP_025790417.1	Puma concolor	805	XP_025790417.1 angiotensin-converting enzyme 2 [Puma concolor]	NCBI RefSeq protein via E-utilities	2026-05-01T23:31:44.933000+00:00
Theropithecus_gelada|XP_025227847.1	XP_025227847.1	Theropithecus gelada	805	XP_025227847.1 angiotensin-converting enzyme 2 [Theropithecus gelada]	NCBI RefSeq protein via E-utilities	2026-05-01T23:31:44.933000+00:00
Pteropus_alecto|XP_006911709.1	XP_006911709.1	Pteropus alecto	805	XP_006911709.1 angiotensin-converting enzyme 2 [Pteropus alecto]	NCBI RefSeq protein via E-utilities	2026-05-01T23:31:44.933000+00:00
Neophocaena_asiaeorientalis_asiaeorientalis|XP_024599894.1	XP_024599894.1	Neophocaena asiaeorientalis asiaeorientalis	804	XP_024599894.1 angiotensin-converting enzyme 2 [Neophocaena asiaeorientalis asiaeorientalis]	NCBI RefSeq protein via E-utilities	2026-05-01T23:31:44.933000+00:00
Myotis_lucifugus|XP_023609438.1	XP_023609438.1	Myotis lucifugus	819	XP_023609438.1 angiotensin-converting enzyme 2 isoform X1 [Myotis lucifugus]	NCBI RefSeq protein via E-utilities	2026-05-01T23:31:44.933000+00:00
Octodon_degus|XP_023575316.1	XP_023575316.1	Octodon degus	831	XP_023575316.1 angiotensin-converting enzyme 2 [Octodon degus]	NCBI RefSeq protein via E-utilities	2026-05-01T23:31:44.933000+00:00
Otolemur_garnettii|XP_003791912.1	XP_003791912.1	Otolemur garnettii	805	XP_003791912.1 angiotensin-converting enzyme 2 [Otolemur garnettii]	NCBI RefSeq protein via E-utilities	2026-05-01T23:31:44.933000+00:00
Carlito_syrichta|XP_008062810.1	XP_008062810.1	Carlito syrichta	805	XP_008062810.1 angiotensin-converting enzyme 2 [Carlito syrichta]	NCBI RefSeq protein via E-utilities	2026-05-01T23:31:44.933000+00:00
Heterocephalus_glaber|XP_004866157.1	XP_004866157.1	Heterocephalus glaber	805	XP_004866157.1 angiotensin-converting enzyme 2 [Heterocephalus glaber]	NCBI RefSeq protein via E-utilities	2026-05-01T23:31:44.933000+00:00
Hipposideros_armiger|XP_019522954.1	XP_019522954.1	Hipposideros armiger	806	XP_019522954.1 PREDICTED: angiotensin-converting enzyme 2 [Hipposideros armiger]	NCBI RefSeq protein via E-utilities	2026-05-01T23:31:44.933000+00:00
Rhinopithecus_bieti|XP_017744070.1	XP_017744070.1	Rhinopithecus bieti	724	XP_017744070.1 PREDICTED: angiotensin-converting enzyme 2 [Rhinopithecus bieti]	NCBI RefSeq protein via E-utilities	2026-05-01T23:31:44.933000+00:00
Miniopterus_natalensis|XP_016058453.1	XP_016058453.1	Miniopterus natalensis	804	XP_016058453.1 PREDICTED: angiotensin-converting enzyme 2 [Miniopterus natalensis]	NCBI RefSeq protein via E-utilities	2026-05-01T23:31:44.933000+00:00
Myotis_davidii|XP_015426918.1	XP_015426918.1	Myotis davidii	819	XP_015426918.1 PREDICTED: angiotensin-converting enzyme 2 isoform X1 [Myotis davidii]	NCBI RefSeq protein via E-utilities	2026-05-01T23:31:44.933000+00:00
Myotis_brandtii|XP_014399781.1	XP_014399781.1	Myotis brandtii	819	XP_014399781.1 PREDICTED: angiotensin-converting enzyme 2 isoform X1 [Myotis brandtii]	NCBI RefSeq protein via E-utilities	2026-05-01T23:31:44.933000+00:00
Dipodomys_ordii|XP_012887572.1	XP_012887572.1	Dipodomys ordii	805	XP_012887572.1 PREDICTED: angiotensin-converting enzyme 2 isoform X1 [Dipodomys ordii]	NCBI RefSeq protein via E-utilities	2026-05-01T23:31:44.933000+00:00
Condylura_cristata|XP_012585871.1	XP_012585871.1	Condylura cristata	800	XP_012585871.1 PREDICTED: angiotensin-converting enzyme 2 [Condylura cristata]	NCBI RefSeq protein via E-utilities	2026-05-01T23:31:44.933000+00:00
Propithecus_coquereli|XP_012494186.1	XP_012494186.1	Propithecus coquereli	826	XP_012494186.1 PREDICTED: angiotensin-converting enzyme 2 [Propithecus coquereli]	NCBI RefSeq protein via E-utilities	2026-05-01T23:31:44.933000+00:00
Odobenus_rosmarus_divergens|XP_004415448.1	XP_004415448.1	Odobenus rosmarus divergens	732	XP_004415448.1 PREDICTED: angiotensin-converting enzyme 2 [Odobenus rosmarus divergens]	NCBI RefSeq protein via E-utilities	2026-05-01T23:31:44.933000+00:00
Cercocebus_atys|XP_011891201.1	XP_011891201.1	Cercocebus atys	805	XP_011891201.1 PREDICTED: angiotensin-converting enzyme 2 [Cercocebus atys]	NCBI RefSeq protein via E-utilities	2026-05-01T23:31:44.933000+00:00
Mandrillus_leucophaeus|XP_011850923.1	XP_011850923.1	Mandrillus leucophaeus	805	XP_011850923.1 PREDICTED: angiotensin-converting enzyme 2 [Mandrillus leucophaeus]	NCBI RefSeq protein via E-utilities	2026-05-01T23:31:44.933000+00:00
Lipotes_vexillifer|XP_007466389.1	XP_007466389.1	Lipotes vexillifer	804	XP_007466389.1 angiotensin-converting enzyme 2 [Lipotes vexillifer]	NCBI RefSeq protein via E-utilities	2026-05-01T23:31:44.933000+00:00
Chrysochloris_asiatica|XP_006835673.1	XP_006835673.1	Chrysochloris asiatica	799	XP_006835673.1 PREDICTED: angiotensin-converting enzyme 2 [Chrysochloris asiatica]	NCBI RefSeq protein via E-utilities	2026-05-01T23:31:44.933000+00:00
Elephantulus_edwardii|XP_006892457.1	XP_006892457.1	Elephantulus edwardii	798	XP_006892457.1 PREDICTED: angiotensin-converting enzyme 2 [Elephantulus edwardii]	NCBI RefSeq protein via E-utilities	2026-05-01T23:31:44.933000+00:00
