alignment_column_1based	human_ace2_position	human_residue	annotation
1		-	
2		-	
3		-	
4		-	
5		-	
6		-	
7		-	
8		-	
9		-	
10		-	
11		-	
12		-	
13		-	
14		-	
15		-	
16		-	
17		-	
18		-	
19		-	
20		-	
21		-	
22		-	
23		-	
24		-	
25		-	
26		-	
27		-	
28		-	
29	1	M	
30	2	S	
31	3	S	
32	4	S	
33		-	
34		-	
35	5	S	
36	6	W	
37	7	L	
38	8	L	
39	9	L	
40	10	S	
41	11	L	
42	12	V	
43		-	
44	13	A	
45	14	V	
46	15	T	
47	16	A	
48	17	A	
49	18	Q	
50	19	S	spike_binding:interface
51		-	
52	20	T	
53	21	I	
54	22	E	
55	23	E	
56	24	Q	spike_binding:interface
57	25	A	
58	26	K	
59	27	T	spike_binding:interface
60	28	F	
61	29	L	
62	30	D	spike_binding:interface
63	31	K	spike_binding:interface
64	32	F	
65	33	N	
66	34	H	spike_binding:interface
67	35	E	spike_binding:interface
68	36	A	
69	37	E	spike_binding:interface
70	38	D	spike_binding:interface
71	39	L	
72	40	F	
73	41	Y	spike_binding:interface
74	42	Q	spike_binding:interface
75	43	S	
76	44	S	
77	45	L	
78	46	A	
79	47	S	
80	48	W	
81	49	N	
82	50	Y	
83	51	N	
84	52	T	
85	53	N	
86	54	I	
87	55	T	
88	56	E	
89	57	E	
90	58	N	
91	59	V	
92	60	Q	
93	61	N	
94	62	M	
95		-	
96		-	
97		-	
98		-	
99		-	
100		-	
101		-	
102		-	
103		-	
104		-	
105		-	
106		-	
107		-	
108		-	
109		-	
110		-	
111		-	
112		-	
113		-	
114		-	
115		-	
116		-	
117		-	
118		-	
119		-	
120		-	
121		-	
122		-	
123		-	
124		-	
125		-	
126		-	
127		-	
128		-	
129		-	
130		-	
131		-	
132		-	
133		-	
134		-	
135		-	
136		-	
137		-	
138		-	
139		-	
140		-	
141		-	
142	63	N	
143	64	N	
144	65	A	
145	66	G	
146	67	D	
147	68	K	
148	69	W	
149	70	S	
150	71	A	
151	72	F	
152	73	L	
153	74	K	
154	75	E	
155	76	Q	
156	77	S	
157	78	T	
158	79	L	spike_binding:interface
159	80	A	
160	81	Q	
161	82	M	spike_binding:interface
162	83	Y	spike_binding:interface
163	84	P	
164	85	L	
165	86	Q	
166	87	E	
167	88	I	
168	89	Q	
169	90	N	glycosylation:glycosylation
170	91	L	
171	92	T	
172	93	V	
173	94	K	
174	95	L	
175	96	Q	
176	97	L	
177	98	Q	
178	99	A	
179	100	L	
180	101	Q	
181	102	Q	
182	103	N	
183	104	G	
184	105	S	
185	106	S	
186	107	V	
187	108	L	
188	109	S	
189	110	E	
190	111	D	
191	112	K	
192	113	S	
193	114	K	
194		-	
195		-	
196	115	R	
197	116	L	
198	117	N	
199	118	T	
200	119	I	
201	120	L	
202	121	N	
203	122	T	
204	123	M	
205	124	S	
206	125	T	
207	126	I	
208	127	Y	
209	128	S	
210	129	T	
211	130	G	
212	131	K	
213	132	V	
214	133	C	
215	134	N	
216	135	P	
217	136	D	
218	137	N	
219	138	P	
220	139	Q	
221	140	E	
222	141	C	
223	142	L	
224	143	L	
225	144	L	
226	145	E	
227	146	P	
228	147	G	
229	148	L	
230	149	N	
231	150	E	
232	151	I	
233	152	M	
234	153	A	
235	154	N	
236	155	S	
237	156	L	
238	157	D	
239	158	Y	
240	159	N	
241	160	E	
242	161	R	
243	162	L	
244	163	W	
245	164	A	
246	165	W	
247	166	E	
248	167	S	
249	168	W	
250	169	R	
251	170	S	
252	171	E	
253	172	V	
254	173	G	
255	174	K	
256	175	Q	
257	176	L	
258	177	R	
259	178	P	
260	179	L	
261	180	Y	
262	181	E	
263	182	E	
264	183	Y	
265	184	V	
266	185	V	
267	186	L	
268	187	K	
269	188	N	
270	189	E	
271	190	M	
272	191	A	
273	192	R	
274	193	A	
275	194	N	
276	195	H	
277	196	Y	
278	197	E	
279	198	D	
280	199	Y	
281	200	G	
282	201	D	
283	202	Y	
284	203	W	
285	204	R	
286	205	G	
287	206	D	
288	207	Y	
289	208	E	
290	209	V	
291	210	N	
292	211	G	
293	212	V	
294	213	D	
295	214	G	
296	215	Y	
297	216	D	
298	217	Y	
299	218	S	
300	219	R	
301	220	G	
302	221	Q	
303	222	L	
304	223	I	
305	224	E	
306	225	D	
307	226	V	
308	227	E	
309	228	H	
310	229	T	
311	230	F	
312	231	E	
313	232	E	
314		-	
315		-	
316	233	I	
317	234	K	
318	235	P	
319	236	L	
320	237	Y	
321	238	E	
322		-	
323	239	H	
324	240	L	
325	241	H	
326	242	A	
327	243	Y	
328	244	V	
329	245	R	
330	246	A	
331	247	K	
332	248	L	
333	249	M	
334	250	N	
335	251	A	
336	252	Y	
337	253	P	
338		-	
339	254	S	
340	255	Y	
341	256	I	
342	257	S	
343	258	P	
344	259	I	
345	260	G	
346	261	C	
347	262	L	
348	263	P	
349	264	A	
350	265	H	
351	266	L	
352	267	L	
353		-	
354		-	
355		-	
356		-	
357		-	
358		-	
359		-	
360	268	G	
361	269	D	
362	270	M	
363	271	W	
364	272	G	
365	273	R	
366	274	F	
367	275	W	
368	276	T	
369	277	N	
370	278	L	
371	279	Y	
372	280	S	
373	281	L	
374	282	T	
375	283	V	
376	284	P	
377	285	F	
378	286	G	
379	287	Q	
380	288	K	
381	289	P	
382	290	N	
383	291	I	
384	292	D	
385	293	V	
386	294	T	
387	295	D	
388	296	A	
389	297	M	
390	298	V	
391	299	D	
392		-	
393		-	
394		-	
395		-	
396		-	
397		-	
398	300	Q	
399	301	A	
400	302	W	
401	303	D	
402	304	A	
403	305	Q	
404	306	R	
405	307	I	
406	308	F	
407	309	K	
408	310	E	
409	311	A	
410	312	E	
411	313	K	
412	314	F	
413	315	F	
414	316	V	
415	317	S	
416	318	V	
417	319	G	
418	320	L	
419	321	P	
420	322	N	catalytic_region:catalysis
421	323	M	
422	324	T	
423	325	Q	
424	326	G	
425	327	F	
426	328	W	
427	329	E	
428	330	N	
429	331	S	
430	332	M	
431	333	L	
432	334	T	
433	335	D	
434	336	P	
435	337	G	
436	338	N	
437	339	V	
438	340	Q	
439	341	K	
440	342	A	
441	343	V	
442	344	C	
443	345	H	catalytic_region:catalysis
444	346	P	
445	347	T	
446	348	A	
447	349	W	
448	350	D	
449	351	L	
450	352	G	
451	353	K	
452	354	G	
453	355	D	
454	356	F	
455	357	R	
456	358	I	
457	359	L	
458	360	M	
459	361	C	
460	362	T	
461	363	K	
462	364	V	
463	365	T	
464	366	M	
465	367	D	
466	368	D	
467	369	F	
468	370	L	
469	371	T	
470	372	A	
471	373	H	
472	374	H	catalytic_region:catalysis
473	375	E	catalytic_region:catalysis
474	376	M	
475	377	G	
476	378	H	
477	379	I	
478	380	Q	
479	381	Y	
480	382	D	
481	383	M	
482	384	A	
483	385	Y	
484	386	A	
485	387	A	
486	388	Q	
487	389	P	
488	390	F	
489	391	L	
490	392	L	
491	393	R	
492	394	N	
493	395	G	
494	396	A	
495	397	N	
496	398	E	
497	399	G	
498	400	F	
499	401	H	
500	402	E	
501	403	A	
502	404	V	
503	405	G	
504	406	E	
505	407	I	
506	408	M	
507	409	S	
508	410	L	
509	411	S	
510	412	A	
511	413	A	
512	414	T	
513	415	P	
514	416	K	
515	417	H	
516	418	L	
517	419	K	
518	420	S	
519	421	I	
520	422	G	
521	423	L	
522	424	L	
523	425	S	
524	426	P	
525	427	D	
526	428	F	
527	429	Q	
528	430	E	
529	431	D	
530	432	N	
531	433	E	
532	434	T	
533	435	E	
534	436	I	
535	437	N	
536	438	F	
537	439	L	
538	440	L	
539	441	K	
540	442	Q	
541	443	A	
542	444	L	
543	445	T	
544	446	I	
545	447	V	
546	448	G	
547	449	T	
548	450	L	
549	451	P	
550	452	F	
551	453	T	
552	454	Y	
553	455	M	
554	456	L	
555	457	E	
556	458	K	
557	459	W	
558	460	R	
559	461	W	
560	462	M	
561	463	V	
562	464	F	
563	465	K	
564	466	G	
565	467	E	
566	468	I	
567	469	P	
568	470	K	
569	471	D	
570	472	Q	
571	473	W	
572	474	M	
573	475	K	
574	476	K	
575	477	W	
576	478	W	
577	479	E	
578	480	M	
579	481	K	
580	482	R	
581	483	E	
582	484	I	
583	485	V	
584	486	G	
585	487	V	
586	488	V	
587	489	E	
588	490	P	
589	491	V	
590	492	P	
591	493	H	
592	494	D	
593	495	E	
594	496	T	
595	497	Y	
596	498	C	
597	499	D	
598	500	P	
599	501	A	
600	502	S	
601	503	L	
602	504	F	
603	505	H	catalytic_region:catalysis
604	506	V	
605	507	S	
606	508	N	
607	509	D	
608	510	Y	
609	511	S	
610	512	F	
611	513	I	
612	514	R	
613	515	Y	
614	516	Y	
615	517	T	
616	518	R	
617	519	T	
618	520	L	
619	521	Y	
620	522	Q	
621	523	F	
622	524	Q	
623	525	F	
624	526	Q	
625	527	E	
626	528	A	
627	529	L	
628	530	C	
629	531	Q	
630	532	A	
631	533	A	
632	534	K	
633	535	H	
634	536	E	
635	537	G	
636	538	P	
637	539	L	
638	540	H	
639	541	K	
640	542	C	
641	543	D	
642	544	I	
643	545	S	
644	546	N	
645	547	S	
646	548	T	
647	549	E	
648	550	A	
649	551	G	
650	552	Q	
651	553	K	
652	554	L	
653	555	F	
654	556	N	
655	557	M	
656	558	L	
657	559	R	
658	560	L	
659	561	G	
660	562	K	
661	563	S	
662	564	E	
663	565	P	
664	566	W	
665	567	T	
666	568	L	
667	569	A	
668	570	L	
669	571	E	
670	572	N	
671	573	V	
672	574	V	
673	575	G	
674	576	A	
675	577	K	
676	578	N	
677	579	M	
678	580	N	
679	581	V	
680	582	R	
681	583	P	
682	584	L	
683	585	L	
684	586	N	
685	587	Y	
686	588	F	
687	589	E	
688	590	P	
689	591	L	
690	592	F	
691	593	T	
692	594	W	
693	595	L	
694	596	K	
695	597	D	
696	598	Q	
697	599	N	
698	600	K	
699	601	N	
700	602	S	
701		-	
702		-	
703		-	
704		-	
705		-	
706		-	
707		-	
708		-	
709		-	
710		-	
711		-	
712		-	
713		-	
714		-	
715		-	
716	603	F	
717	604	V	
718	605	G	
719	606	W	
720	607	S	
721		-	
722		-	
723	608	T	
724	609	D	
725		-	
726		-	
727	610	W	
728	611	S	
729	612	P	
730		-	
731		-	
732		-	
733		-	
734		-	
735		-	
736		-	
737		-	
738		-	
739		-	
740		-	
741		-	
742		-	
743		-	
744		-	
745		-	
746	613	Y	
747		-	
748		-	
749	614	A	
750		-	
751		-	
752		-	
753		-	
754		-	
755	615	D	
756	616	Q	
757	617	S	
758	618	I	
759	619	K	
760	620	V	
761	621	R	
762	622	I	
763	623	S	
764	624	L	
765	625	K	
766	626	S	
767	627	A	
768	628	L	
769	629	G	
770	630	D	
771	631	K	
772	632	A	
773	633	Y	
774	634	E	
775	635	W	
776	636	N	
777	637	D	
778	638	N	
779	639	E	
780	640	M	
781	641	Y	
782	642	L	
783	643	F	
784	644	R	
785	645	S	
786	646	S	
787	647	V	
788	648	A	
789	649	Y	
790	650	A	
791	651	M	
792	652	R	
793	653	Q	
794	654	Y	
795	655	F	
796	656	L	
797	657	K	
798	658	V	
799	659	K	
800	660	N	
801	661	Q	
802	662	M	
803	663	I	
804	664	L	
805	665	F	
806	666	G	
807	667	E	
808	668	E	
809	669	D	
810	670	V	
811	671	R	
812	672	V	
813	673	A	
814	674	N	
815	675	L	
816	676	K	
817	677	P	
818	678	R	
819	679	I	
820	680	S	
821	681	F	
822	682	N	
823	683	F	
824	684	F	
825	685	V	
826	686	T	
827	687	A	
828	688	P	
829	689	K	
830	690	N	
831	691	V	
832	692	S	
833	693	D	
834	694	I	
835	695	I	
836	696	P	
837	697	R	collectrin_like:domain
838	698	T	
839	699	E	
840	700	V	
841	701	E	
842	702	K	
843	703	A	
844	704	I	
845	705	R	
846	706	M	
847	707	S	
848	708	R	
849	709	S	
850	710	R	
851	711	I	
852	712	N	
853	713	D	
854	714	A	
855	715	F	
856	716	R	
857	717	L	
858	718	N	
859	719	D	
860	720	N	
861	721	S	
862	722	L	
863	723	E	
864	724	F	
865	725	L	
866	726	G	
867	727	I	
868	728	Q	
869	729	P	
870	730	T	
871	731	L	
872	732	G	
873	733	P	
874	734	P	
875	735	N	
876	736	Q	
877	737	P	
878	738	P	
879	739	V	
880	740	S	transmembrane:membrane
881	741	I	
882	742	W	
883	743	L	
884	744	I	
885	745	V	
886	746	F	
887	747	G	
888	748	V	
889	749	V	
890	750	M	
891	751	G	
892	752	V	
893	753	I	
894	754	V	
895	755	V	
896	756	G	
897	757	I	
898	758	V	
899	759	I	
900	760	L	
901	761	I	
902	762	F	
903	763	T	
904	764	G	
905	765	I	
906	766	R	
907	767	D	
908	768	R	
909	769	K	
910	770	K	
911	771	K	
912	772	N	
913		-	
914		-	
915		-	
916	773	K	
917	774	A	
918		-	
919		-	
920	775	R	
921	776	S	
922	777	G	
923	778	E	
924	779	N	
925	780	P	
926	781	Y	
927	782	A	
928		-	
929		-	
930	783	S	
931	784	I	
932	785	D	
933	786	I	
934	787	S	
935	788	K	
936	789	G	
937	790	E	
938	791	N	
939	792	N	
940	793	P	
941	794	G	
942	795	F	
943	796	Q	
944	797	N	
945	798	T	
946	799	D	
947	800	D	
948	801	V	
949	802	Q	
950	803	T	
951	804	S	
952	805	F	
953		-	
954		-	
955		-	
956		-	
957		-	
958		-	
959		-	
960		-	
961		-	
962		-	
963		-	
964		-	
965		-	
966		-	
967		-	
968		-	
969		-	
970		-	
971		-	
972		-	
973		-	
974		-	
975		-	
976		-	
977		-	
978		-	
