path	sha256	bytes
CHECKSUMS.tsv	2a8ba1d07f9bbe20c300a1871ec24f83d4968531512712ca7211bf24b06f25c7	6154
CITATION.cff	41bbeddb27f87376ee7bfd8d426445d8122a08383c58bd4618713c9127698ff6	429
DATA_AVAILABILITY.md	79b876413f426771e42e244280eabdc8a4cb06b74be47d53f63c471d6e3efbaa	532
LICENSE	c7d31043413623d1d27f51da18357f0f1a760916eeace6401a89add8e00ad45d	259
Makefile	e8250c4b8423256dcdc9f394e8209846cd9a7cf48ab77a445baf50fe30b29de3	228
README.md	f68b16537db76c2b89581f4b363aaca71ec6991fd4993e3c1e558b924f8d12b2	1714
REPRODUCIBILITY.md	d51f7b4df4931206f2feaf168174a49ee1709c371a735c553c5f18f47cde5c78	776
REVIEWER_CHECKLIST.md	59e254269b01f62efbda326cb94659f6d89c70e4707f6aab4c8a0a6877a89d19	735
SUBMISSION_CHECKLIST.md	cb229d8932e632f0726277f38de144644ad87c0159193c001a1d6a273b53735e	1000
ZENODO_RELEASE_CHECKLIST.md	63aeb599ebc9a11fe2c60b5691efa5fc89cd7e34d80d912a0f8fb278a3dec1fa	571
data/processed/ace2_alignment_qc.tsv	eb9ccbd13f61fb622101b3befee0d6f242bc4b5701593eb3aa4c114b93e052a5	16223
data/processed/ace2_codon_alignment_status.tsv	585929721d8e89bb07f87291f3470dabbc0883d0b3c632c73ae3dd7c1a5ba953	17958
data/processed/ace2_mammalia_curated_metadata.tsv	97a1e522fdc54c7f4c207addc4d3470f887748ed70274609b4bab4dc98e62297	52573
data/processed/human_ace2_alignment_coordinate_map.tsv	17fe61f825b3f9e5bbef6a425093a35670d85ca412ccee9c335f7d845fcbabb0	11594
data/raw/ncbi/ace2_candidate_cds.fna	8e81c21a3938ccf0d4202989559c4a13573bf1982d313eebea79df0d3d07db11	663731
data/raw/ncbi/human_ACE2_NP_001358344.1.faa	0447e0180703e19c1c50fad39560e6b68ad84efb3048a29342b347772484af9e	901
data/raw/ncbi/human_ACE2_NP_001358344.1.metadata.json	27a66585ed6d65d899cd8509710492aa47d3fd09d0e8cf1e0844e415a1304be1	151
data/raw/ncbi/ncbi_ace2_mammalia_raw.faa	0339300456fc1eaa8fea5c46a082066b9f8c60d01e8e328641101b84ef16b9d8	425891
data/raw/ncbi/ncbi_ace2_mammalia_raw_metadata.tsv	a3fac0b15b504b6353863ca09ea63360d34281a0f83a0c8f6d055d0eb8e9eb39	126041
data/raw/uniprot/uniprot_ace2_fallback.faa	47d894967daf6a8fc087e91388172ccc4894ba1cb536095c402e8a2773aba802	3512
data/raw/uniprot/uniprot_ace2_fallback_metadata.tsv	d9be18786904b19683ffc64c03bc432faa4c1bc5fb09732a25557e5f1ecea5ee	1470
environment.yml	be59f642be097ff1b27c3a8972582f7cad6a6ee4a149ddb105bf6fb858e16969	449
figures/Fig1.svg	488dbea158f8c4ccd40f66dfb187befc4f1b67fa8f177a4afcd559979739dba5	5278
figures/Fig1_dataset_workflow.svg	d5a5e681dc80e4c2a956ae9b99813c1919534df22a322ac12e56e03ae6c15875	3802
figures/Fig2.svg	8f1bd0af9e3dfe2694b0c4d1875ed94b2d565c7b136fd1080d2d51a1a6741eec	5397
figures/Fig2_residue_landscape.svg	8f30901c394d8925a921f315043d4ff9d49a2f8b6b8e75900b422f94ead056ae	5237
figures/Fig3.svg	1b6154f011b9c7d0b198bb3004e500ec50844399455335b021fecff9782fb5a1	3943
figures/Fig3_foreground_tests.svg	4a3b704c7355475f5e121ae70defc66da043c3506e3979cf547ce48c80ed0423	3415
figures/Fig4.svg	598ce0bae36ef0f9508dd6f6a7f599e2bf039db27c955a5f79d81ab2ff5e70c1	4230
figures/Fig4_branch_enrichment.svg	1fb31c6b14ba349e5c6f80af4db3f05bf4c488223789116da0fa301ace376ca0	5422
figures/Fig5.svg	5c5994ccedd4f3899d4c39e47d9a1a2e59a34be0651a3f541a42093864646ebf	5519
figures/Fig5_claim_boundaries.svg	72421e9908a831786d157cbd4c2d5c41ef4ec473f125529a5e133349f5f62994	4593
manuscript/ACE2_JME_final_upload_manuscript.md	ad0301027f9509df4e38caeca2c26d49d0c03fefe2ac00fdc60c596a0ec66590	55232
manuscript/ACE2_JME_ground_up_manuscript.md	4a426e27cba778ef6ce213839c52b197788154de50185e0acebd9c02ed015e1b	16544
manuscript/ACE2_JME_references.bib	a4a37d7a4e8a9a5a0e587b584789ab88e7cd67c535bb1757ce50a1642da31a50	5029
results/ace2_selection_site_summary.tsv	d5638ecdedeef48f883a1f04d1d627c871304ee7a326cc2d970dc9d8803fc4c0	114176
results/candidate_site_enrichment_summary.tsv	762e6180c276508771899b0c5297f25d0586ae3dfada86122293e6600600d844	877
results/evidence_traceability.tsv	37aa4295ecabd07551dbf7bfa52b230c849364246ee27a55c1c78e855c897871	2964
results/phase5_absrel_significant_branches.tsv	8197e61e656c9363af307f0070057e18d3a65872bde1efc5000237bfdd4faa05	1427
results/phase5_busted_evidence.tsv	7c5991b3b5f3781798fce793c2f8ec295c46d0aa904c0161dc7dcdc9479df7a2	537
results/reduced_fixed_paml_branch_site_summary.tsv	7c227738930e8fbd24026d7d340662dac34cc3128372a8d1e1ced7126d786c46	2702
scripts/backtranslate_alignment.py	b1493a45640a6bbeec4daf9fade14cdc6cca343365f39f558e1e273f2f9bc028	7127
scripts/bootstrap_micromamba.sh	8d0c60d4e13f59aa9df11ecb9c4bdfecab4b529a6fb8ad0a76787adada80a853	1208
scripts/build_claim_map.py	d5cfe529a1ad9d231849e0631fc25f6e8e0472764dde125e1ee5cf1a7c7ccc88	2076
scripts/build_residue_context.py	b07640189e0174ac2fc16a2548e231b79bcf4c348e2bdd0f0bf6d60673d1ad09	7421
scripts/build_trait_template.py	38b6089602239b3c76013b2e8f60a2495d9a5b467d463eb47f0d3e68c9bd6ad8	2583
scripts/check_environment.py	6248cf3610758d40ebb34201c183de83941ad45b3f349eed8715ae29f4b40537	1421
scripts/check_target_coverage.py	68db58471c0e56fe5e902519733151d70653bb65d248f7b7a554278adbf196e0	1461
scripts/compute_sequence_metrics.py	cd2104cf942197ac3c202b3ad2d775033a6401e2cb38f1c7f757ecacc2bf1519	3533
scripts/create_paml_templates.py	da4de9631a97d00ae2cdc16ddc22418954b5997e18a0b6fda0b898d33fe4fc39	3905
scripts/curate_orthologs.py	f71a9699e270a8bd23f25b273340d3f2d4f60a26ec992df61073fd55082fac06	4998
scripts/fetch_ncbi_cds.py	03e2015fd29b66e24b117f3b2ff5f36d657ca9e6a811431ac9945dd68d833854	8284
scripts/fetch_ncbi_orthologs.py	ce31c1f17561868eb706e45820c4406d5d31096ff2ffd558f7989186980bdace	5552
scripts/fetch_uniprot_fallback.py	a88853a8d5d9e829352e1504d4300589961b1d1d0ae9367a54af3b37f1394772	4740
scripts/map_human_coordinates.py	132b8910ddc59555da8f0c7991515a1ce2d307450465c06b9ae87a4658c4a87f	2789
scripts/parse_phase5_hyphy_results.py	6db677d5de5ca3aac2669d80f492728a9bfaff1077ed4dce230334241e385515	6566
scripts/plot_selection_domain_svg.py	57fa7521aebf1f08b7ae1c85f78422dbb27dd14adebe2270b4a51440cec7265c	5669
scripts/prune_tree_for_selection.py	e3141fc37654b81cd38a107c44ebfd4bd8912ae6534b8415384da5a3fe087aa1	2532
scripts/qc_alignment.py	99800e26098829e678beb98df67d96ac349198ec0d91e9a407f42b81d0706b23	3399
scripts/qc_sequences.py	80f2754722a603528b789bb91b55fd126f108936138449863a33fadb33d33a53	3012
scripts/run_alignment.sh	dd005fcd571461f052d1f0f009a59ff76354c8626defc46374a504a5c8c3c7e0	516
scripts/run_comparative_models.R	2e89bb99e1e6d23bf614b1803615d5119df0bbd343a528a024c7e481db346866	1920
scripts/run_models.sh	a7c6a12e9e2a5b1018d43d76d77ff7f039b23ebc78f23702ce07838cc6f93491	317
scripts/run_selection.sh	ba77e627fe3d007080b6e9430904adab7657ef01a2c87ef2687d85406a74e9cd	1137
scripts/run_tree.sh	e3c76a87d9437fc149d14138a523599de12a4f5da717cb9168923b42a7f758fd	766
scripts/summarize_selection_sites.py	3d804dd5dc8d44b7e65572cd84676147313d9c896e8644c8fbed5f9724dc3879	5756
supplement/Supplementary_Information_JME.md	3fa38578c962b21174c0557801e5b623605d5eb9f7f546f196fcd48536345872	7863
supplement/tables/ace2_alignment_qc.tsv	eb9ccbd13f61fb622101b3befee0d6f242bc4b5701593eb3aa4c114b93e052a5	16223
supplement/tables/ace2_codon_alignment_status.tsv	585929721d8e89bb07f87291f3470dabbc0883d0b3c632c73ae3dd7c1a5ba953	17958
supplement/tables/ace2_mammalia_codon_pruned_tree_report.tsv	aba59130189e6df355ddb9515576a5c14bd339a3bdd85b6775bc68b522c5ccb1	394
supplement/tables/ace2_mammalia_curated_metadata.tsv	97a1e522fdc54c7f4c207addc4d3470f887748ed70274609b4bab4dc98e62297	52573
supplement/tables/ace2_selection_site_summary.tsv	d5638ecdedeef48f883a1f04d1d627c871304ee7a326cc2d970dc9d8803fc4c0	114176
supplement/tables/candidate_site_enrichment_summary.tsv	762e6180c276508771899b0c5297f25d0586ae3dfada86122293e6600600d844	877
supplement/tables/human_ace2_alignment_coordinate_map.tsv	17fe61f825b3f9e5bbef6a425093a35670d85ca412ccee9c335f7d845fcbabb0	11594
supplement/tables/phase5_absrel_significant_branches.tsv	8197e61e656c9363af307f0070057e18d3a65872bde1efc5000237bfdd4faa05	1427
supplement/tables/phase5_busted_evidence.tsv	7c5991b3b5f3781798fce793c2f8ec295c46d0aa904c0161dc7dcdc9479df7a2	537
supplement/tables/reduced_fixed_paml_branch_site_summary.tsv	7c227738930e8fbd24026d7d340662dac34cc3128372a8d1e1ced7126d786c46	2702
