claim_or_value	reported_value	source_artifact	verification	claim_status
244 curated mammalian ACE2 protein records	244	/Users/parkerlehner/Downloads/ACE2_Evolution_GBE/data/processed/ace2_mammalia_curated_metadata.tsv	row count	supported
238 taxa retained for codon-level analyses	238	/Users/parkerlehner/Downloads/ACE2_Evolution_GBE/data/processed/ace2_codon_alignment_status.tsv	selection-ready count; falls back to prior Phase 1 run report if status schema differs	supported
FUBAR candidate sites at posterior probability >= 0.90	28	/Users/parkerlehner/Downloads/ACE2_Evolution_GBE/results/selection/ace2_selection_site_summary.tsv	count fubar_positive_ge_0_90 == true	supported
MEME sites at p <= 0.05	95	/Users/parkerlehner/Downloads/ACE2_Evolution_GBE/results/selection/ace2_selection_site_summary.tsv	count meme_positive_p_le_0_05 == true	supported
FUBAR/MEME overlap sites	23	/Users/parkerlehner/Downloads/ACE2_Evolution_GBE/results/selection/ace2_selection_site_summary.tsv	count both_fubar_0_90_and_meme_0_10 == true	supported
BUSTED foreground LRT and p-values	"{""cetacean"": {""lrt"": ""48.41694742371328"", ""p"": ""1.532368676393503e-11""}, ""deep_diving"": {""lrt"": ""68.92768017930939"", ""p"": ""5.551115123125783e-16""}, ""aquatic"": {""lrt"": ""65.84613725636882"", ""p"": ""2.498001805406602e-15""}, ""marine"": {""lrt"": ""65.65874121494562"", ""p"": ""2.775557561562891e-15""}}"	/Users/parkerlehner/Downloads/ACE2_Evolution_GBE/phase5_hyphy_ecological_validation/tables/phase5_busted_evidence.tsv	direct table values	supported
aBSREL candidate branches Mesoplodon mirus and Leptonychotes weddellii	Leptonychotes_weddellii, Mesoplodon_mirus	/Users/parkerlehner/Downloads/ACE2_Evolution_GBE/phase5_hyphy_ecological_validation/tables/phase5_absrel_significant_branches.tsv	direct table values	candidate_only
Reduced fixed-branch PAML sensitivity tests	"{""aquatic"": {""lrt"": ""22.21302999999898"", ""p"": ""2.4401217667746456e-06""}, ""cetacean"": {""lrt"": ""31.90364199999749"", ""p"": ""1.6201310172548476e-08""}, ""deep_diving"": {""lrt"": ""31.126367999997456"", ""p"": ""2.4176483330382087e-08""}, ""marine"": {""lrt"": ""22.21302999999898"", ""p"": ""2.4401217667746456e-06""}}"	/Users/parkerlehner/Downloads/ACE2_Evolution_GBE/phase4_ecological_signal_discovery/paml_results/reduced_fixed_paml_branch_site_summary.tsv	direct table values	sensitivity_evidence
Candidate-site enrichment trends	"{""aquatic"": {""or"": ""3.76227"", ""fdr"": ""0.120358""}, ""marine"": {""or"": ""3.76227"", ""fdr"": ""0.120358""}, ""cetacean"": {""or"": ""4.5611"", ""fdr"": ""0.0773052""}, ""pinniped"": {""or"": ""2.00111"", ""fdr"": ""0.439342""}, ""deep_diving"": {""or"": ""3.76227"", ""fdr"": ""0.120358""}, ""semi_aquatic"": {""or"": ""1.74746"", ""fdr"": ""1""}}"	/Users/parkerlehner/Downloads/ACE2_Evolution_GBE/phase4_ecological_signal_discovery/enrichment_tests/candidate_site_enrichment_summary.tsv	direct table values	exploratory
